"","Estimate","Std. Error","t value","Pr(>|t|)"
"(Intercept)",2.99045110365002,0.130162014175844,22.9748373408698,3.79947230047285e-51
"GDP.Per.Capita",1.24182321352874,0.22156553749018,5.60476700300822,9.63730679419075e-08
"Life.Expectancy",1.64530496044246,0.383570027825917,4.28945131549532,3.18341414656521e-05
"Corruption",1.89732120702488,0.513723301928833,3.69327456998966,0.000308825513011477
